ID,Sex,Trans,East,North
27,Female,0,69.99956311450026,9970.786459835266
29,Female,0,73.23438776016718,9969.059301335288
90,Female,0,73.43392366346531,9973.014184924641
97,Female,0,75.58529768914497,9976.936291477994
63.1,Female,0,79.93556300563924,9973.137870543253
84.1,Female,0,74.27997020979686,9979.11830609454
43,Female,0,75.51752430426114,9980.813462576121
42.1,Female,0,82.35449230575097,9976.87145574695
71,Female,0,82.33132975219785,9980.803747074195
4,Female,0,101.6138754227672,9967.141255618208
87.1,Female,0,97.04135055038816,9971.171154162295
21,Female,0,92.51567875467549,9967.19365466603
89.1,Female,0,92.51704032838805,9963.306069030663
120,Male,0,79.62633804902073,9963.89939530898
102,Super,0,76.59181285467983,9967.287984485387
28,Super,0,79.21254544749758,9967.189184138226
44.1,Super,0,77.79557828621904,9969.249098916245
41.1,Super,0,82.4558343692582,9973.083187364855
104,Super,0,83.50460342614667,9971.200429387176
75.1,Super,0,86.8382411891488,9973.106551877978
32.1,Super,0,85.70037909170293,9974.83417420786
13.1,Super,0,86.7918244930642,9980.804626834928
96.1,Super,0,90.51658231979766,9978.84490842483
33.1,Super,0,98.14463148869638,9973.12069160497
15.1,Super,0,94.81141777282016,9971.01545482065
123.1,Male,0,93.55482787383139,9961.135629087144
27,Female,0,70.73530913106882,9971.90559035507
29,Female,0,72.59865140598046,9969.192029828426
90,Female,0,74.44906265593896,9972.083938032432
97,Female,0,74.96027512686898,9979.074144566785
71,Female,0,83.21273538950634,9978.68825445434
32.1,Super,0,85.58883697895304,9974.955987181576
42.1,Female,0,81.03911731858778,9974.844042484581
41.1,Super,0,84.18425991348987,9973.19443362941
63.1,Female,0,79.85743934549303,9973.35939228669
75.1,Super,0,86.74905201890745,9973.040069020637
15.1,Super,0,89.99400327676058,9972.741906999263
32.1,Super,0,85.87877893698018,9974.900679135588
43,Female,0,76.59990668542275,9977.95567168575
27,Female,0,76.31014078763762,9977.146940947727
102,Super,0,80.03802374671662,9966.458373305966
120,Male,0,77.87374908674904,9968.916801802685
120,Male,0,76.99245876908331,9969.802716243394
29,Female,0,72.87739282520634,9969.413680332153
13.1,Super,0,88.4545392649661,9975.28900615856
90,Female,0,74.28180330720882,9971.995266293636
71,Female,0,83.34595790413063,9981.590399141067
33.1,Super,0,95.39178742430481,9969.110650528428
4,Female,0,95.39178742430481,9969.110650528428
27,Female,0,94.75613361782843,9969.45379417675
97,Female,0,78.30511934659636,9983.129189410267
21,Female,0,92.13593368545571,9969.176094694854
87.1,Female,0,97.05351000395359,9967.848585858352
84.1,Female,0,76.48844437389565,9977.700861936495
96.1,Super,0,84.78523494103551,9977.93538959234
102,Super,0,74.96419185730804,9965.60360860361
21,Female,0,94.15381006949785,9970.184596614426
44.1,Super,0,77.5948289593722,9969.293344198753
120,Male,0,78.30958361247433,9966.22514541044
28,Super,0,78.37621331546694,9967.033815391778
28,Super,0,78.38763484484225,9966.258404945538
84.1,Female,0,73.53296209285601,9978.198675194362
90,Female,0,76.33297521,9975.031127820423
27,Female,0,81.7446380554781,9965.25157777089
29,Female,0,75.06124875814584,9976.493055256997
27,Female,0,77.04662986502652,9975.341484414432
43,Female,0,73.95603810688685,9981.588597699334
96.1,Super,0,84.372293494203,9979.519258302833
43,Female,0,76.74437594380905,9980.281987605615
13.1,Super,0,86.81513073663152,9976.230085509087
15.1,Super,0,97.94416293115181,9972.290002493299
71,Female,0,83.4468729165694,9978.876610882744
71,Female,0,81.2161850670129,9980.7481405514
97,Female,0,78.46118511494761,9983.483691644906
97,Female,0,78.77347769198305,9983.262199381204
71,Female,0,83.10120452222024,9978.765767581493
43,Female,0,75.50653833698121,9980.004789748697
29,Female,0,72.8548718648834,9970.089430493696
90,Female,0,72.75343589312654,9973.667593164108
102,Super,0,75.78898719767598,9966.922146800367
90,Female,0,75.2406901522748,9972.726677679853
123.1,Male,0,91.53563041181583,9963.815194921217
102,Super,0,74.60609576144734,9969.1705264164
71,Female,0,82.82255968530144,9978.134326876463
123.1,Male,0,93.33083897676802,9963.749395833705
84.1,Female,0,75.72977617562661,9979.107546637992
13.1,Super,0,86.90430077474699,9976.3851763829025
13.1,Super,0,86.19096246831712,9975.077982617433
97,Female,0,78.03736823388742,9983.727321120412
179.1,Male,0,88.6258453797496,9962.507138059913
239.1,Super,0,84.74444938207982,9964.92035358897
237.1,Female,0,75.63281854713837,9967.032869268973
165.1,Super,0,80.91887393914978,9966.824222723706
181.1,Female,0,88.64654900604178,9966.959769544686
188.1,Super,0,99.00501019631926,9966.874607502587
138.1,Super,0,101.68087161373853,9966.831184813873
208.1,Female,0,82.04441878822487,9969.106456262845
260.1,Male,0,84.63151950436824,9969.107279881286
161.1,Male,0,100.36455036984175,9969.056803936526
141,Super,0,80.76129672865314,9971.365768973017
225.1,Male,0,71.73850093086163,9973.833482255644
230.1,Male,0,79.43357807288598,9973.702668904478
195,Female,0,80.76006358024857,9975.874137532193
227.1,Male,0,93.84008383154881,9975.799829245467
145,Female,0,87.27187001887255,9978.157477960674
212,Male,0,75.47301458915504,9980.326035535278
237.1,Female,0,71.5614516279354,9969.213847952264
212,Male,0,75.04997995992214,9976.969395005346
84.1,Female,0,73.01943406088988,9980.547086660417
212,Male,0,75.987049516692,9975.839703874344
120,Male,0,76.24533269729513,9969.60308328889
28,Super,0,83.67292963189522,9967.833150076702
237.1,Female,0,77.16038216579031,9967.830976120256
44.1,Super,0,76.42400570650433,9968.860942672296
102,Super,0,74.31605645702408,9969.41414435732
179.1,Male,0,87.89038297306024,9961.266315671231
89.1,Female,0,85.99170442694589,9969.894140729331
181.1,Female,0,89.27038815464219,9968.787536767593
15.1,Super,0,89.27038815464219,9968.787536767593
181.1,Female,0,89.41572884579836,9967.602441139099
87.1,Female,0,96.88730981328158,9964.736384990609
188.1,Super,0,97.9543878155785,9975.878350392804
138.1,Super,0,101.30157887652732,9967.50662197708
161.1,Male,0,100.94425237328343,9969.267402552307
21,Female,0,93.36211489425274,9970.306191565931
15.1,Super,0,87.6535354641109,9968.787023086043
33.1,Super,0,87.90983236891398,9969.32984139811
260.1,Male,0,88.71159427080019,9973.051684692513
227.1,Male,0,88.49876714389445,9976.828608039788
225.1,Male,0,76.64696820444264,9969.104721464593
181.1,Female,0,91.60157387552644,9966.53987718108
212,Male,0,71.94045210156014,9969.801110716957
84.1,Female,0,72.94151195427345,9979.849157983037
230.1,Male,0,79.53394406919315,9973.702696354037
104,Super,0,84.10672889774456,9971.344604870506
32.1,Super,0,86.20211348309572,9975.077985461669
145,Female,0,87.31593445528206,9980.727195308635
96.1,Super,0,83.0121863931857,9977.901756535732
188.1,Super,0,95.91379629721295,9976.619909050927
225.1,Male,0,76.68016278505878,9969.92447054565
33.1,Super,0,88.8578992112297,9968.5215782286
181.1,Female,0,88.8578992112297,9968.5215782286
96.1,Super,0,82.48810733005655,9977.73548390105
188.1,Super,0,96.53819038069307,9976.620054846631
63.1,Female,0,93.57475728441304,9967.769936911367
15.1,Super,0,93.57475728441304,9967.769936911367
239.1,Super,0,85.38034589109284,9964.13414763139
8.2,Female,1,77.11188053898357,9982.962816770205
41.1,Super,0,82.29970807493862,9973.10529775335
42.1,Female,0,81.1171929748386,9974.78867767226
195,Female,0,80.82656442666631,9977.568945167557
15.1,Super,0,94.16505679349758,9969.863408763425
181.2,Female,1,86.15619260337222,9980.926343067802
260.1,Male,0,88.29949986314186,9971.345834460208
96.1,Super,0,84.149463781961245,9978.610923211845
4,Female,0,76.23365902896406,9971.286874285292
32.1,Super,0,85.254441940411,9974.424226435867
13.1,Super,0,85.57792032768234,9974.058786000498
44.1,Super,0,75.67712102335459,9967.930175225314
212,Male,0,71.7174882365637,9969.524086317164
33.1,Super,0,87.95427072243585,9969.861515533064
75.1,Super,0,85.8463896067944,9971.057127738772
89.1,Female,0,93.80990715850844,9964.823903609902
161.1,Male,0,100.9665577262179,9969.245259699486
138.1,Super,0,101.747230808541,9968.51456463818
141,Super,0,81.63118772096618,9971.133410518434
230.1,Male,0,79.62315820019634,9973.702720748111
237.1,Female,0,76.78072869355285,9969.304160330628
208.1,Female,0,81.97748889036698,9969.172896495891
89.1,Female,0,93.37491326141539,9965.222473133374
123.1,Male,0,88.70225776137359,9967.092702325543
21,Female,0,81.6513219715929,9979.651607217233
31.3,Super,1,82.31086567935452,9973.083147061681
260.1,Male,0,86.43826910789421,9968.232814321986
179.1,Male,0,87.48870946500242,9961.89750665279
87.1,Female,0,97.22135786718043,9966.021228112084
89.1,Female,0,93.58672668468685,9965.333303446963
227.1,Male,0,81.12700310988858,9980.593044342371
120,Male,0,76.72547931418767,9967.753286959363
15.1,Super,0,93.79671010474512,9971.192369293387
151.2,Female,1,99.05871850437055,9973.807586651124
34.3,Super,1,76.24411199254187,9973.712870780391
242.2,Female,1,76.24411199254187,9973.712870780391
237.1,Female,0,76.82645442290976,9966.003071492312
31.3,Super,1,81.25408134085068,9964.95232183509
161.1,Male,0,100.87726949384948,9969.555327531787
138.1,Super,0,101.25706734855858,9967.24081303637
188.1,Super,0,94.95562550675619,9973.695760675084
44.1,Super,0,73.80411747921386,9966.256783551478
212,Male,0,73.65805144142529,9969.458243907386
89.1,Female,0,94.03264894332172,9965.566045829684
87.1,Female,0,97.76794908300747,9965.2683020451
123.1,Male,0,83.53967157879623,9966.193745949797
123.1,Male,0,83.70692472668429,9966.23811112793
260.1,Male,0,89.09122884640354,9971.246380106237
28,Super,0,84.55387777804194,9967.822364910782
208.1,Female,0,82.11129213044758,9969.217246811131
239.1,Super,0,83.01574446548527,9965.672953014553
66.2,Super,1,77.98649986663158,9965.327762590303
104,Super,0,84.20709968019487,9971.311404412447
233.2,Female,1,84.0824763917558,9978.976439330652
225.1,Male,0,76.80262861721532,9970.589160950809
165.1,Super,0,82.10056537735393,9967.9101667460909
44.1,Super,0,74.83007197411719,9966.423314416066
31.3,Super,1,80.95288224389031,9965.251292903718
87.1,Female,0,94.15591565483919,9963.827225307821
179.1,Male,0,87.5997634860545,9963.082713569436
89.1,Female,0,92.78411124400044,9964.779237771436
239.1,Super,0,83.50622554947662,9966.171580781871
15.1,Super,0,95.345972195393,9973.330374386971
44.1,Super,0,77.572369912925,9969.780744434045
27,Female,0,73.05294676547561,9980.281222364398
191.3,Female,1,73.05294676547561,9980.281222364398
138.1,Super,0,101.92603533585347,9967.196730181566
260.1,Male,0,91.81130969598517,9973.550943164006
239.1,Super,0,99.4941494742097,9971.59270567171
47.5,Super,1,99.4941494742097,9971.59270567171
187.2,Female,1,85.46643308915017,9973.9701440654
44.1,Super,0,75.90043586495099,9967.13266055943
165.1,Super,0,83.0150443534872,9967.711087022102
75.1,Super,0,85.82410728115623,9970.990662157295
4,Female,0,84.1178899234109,9971.311378090722
208.1,Female,0,81.98864740599377,9969.150746185227
225.1,Male,0,78.2528672583127,9969.060930494477
34.3,Super,1,76.74451780469792,9979.606257941778
242.2,Female,1,76.74451780469792,9979.606257941778
252.3,Female,1,77.81434866831178,9983.605431710204
8.2,Female,1,77.81434866831178,9983.605431710204
227.1,Male,0,77.81434866831178,9983.605431710204
41.1,Super,0,82.32201404540724,9973.09422705612
145,Female,0,82.32201404540724,9973.09422705612
32.1,Super,0,85.220988581096,9974.424217659007
31.3,Super,1,81.09804903248413,9964.708570385748
44.1,Super,0,81.3877911691522,9965.251449447127
66.2,Super,1,81.878455298201,9965.251625863923
179.1,Male,0,87.84539161558862,9962.263162132818
87.3,Female,1,93.72084830896138,9964.425150179937
11.3,Super,1,93.72084830896138,9964.425150179937
89.1,Female,0,90.83351568562601,9962.851331890342
34.3,Super,1,77.20211021874246,9978.000120526434
42.1,Female,0,77.20211021874246,9978.000120526434
21,Female,0,83.74809835404601,9978.245302758165
42.1,Female,0,81.1283474639188,9974.777603554563
36.3,Super,1,92.0782205702085,9976.308886353876
47.5,Super,1,90.80889209464513,9969.65194653663
151.2,Female,1,97.69834274447464,9974.272389712349
51.3,Super,1,91.93374539289128,9974.381661395628
138.1,Super,0,97.34413262751582,9965.64471259388
161.1,Male,0,99.11605304471445,9968.2811705859
244.3,Super,1,89.29147531577398,9972.885701988123
195,Female,0,80.826572160037,9977.535713973635
42.1,Female,0,81.1283474639188,9974.777603554563
123.1,Male,0,90.3191058222953,9967.048938555947
181.2,Female,1,85.83302730952774,9979.851860096396
230.1,Male,0,79.5785329947673,9973.769171803144
191.3,Female,1,75.62920174305985,9980.060203820769
141,Super,0,81.4080978960991,9971.332729859234
31.3,Super,1,84.14198431013524,9965.7730413765
242.2,Female,1,76.6222830624584,9977.645505438639
34.3,Super,1,76.6222830624584,9977.645505438639
191.3,Female,1,73.57707032616757,9980.502889512814
227.1,Male,0,75.99664147230436,9983.084471635762
252.3,Female,1,75.99664147230436,9983.084471635762
237.4,Female,1,80.83016350216477,9965.3952505754
195,Female,0,80.89346914245915,9977.591114839575
188.3,Super,1,83.09021595111676,9978.034695988228
191.3,Female,1,85.44397310614644,9974.568271147387
63.1,Female,0,79.8572486939446,9974.057254404457
230.1,Male,0,79.611991311139775,9973.758103722723
42.1,Female,0,81.06144656295946,9974.744354956316
41.1,Super,0,82.28856894769415,9973.060987064895
141,Super,0,81.4080552665061,9971.476730840872
18.4,Super,1,85.79062133964686,9971.101417202888
13.3,Super,1,85.79062133964686,9971.101417202888
75.1,Super,0,85.79062133964686,9971.101417202888
179.1,Male,0,88.43610386856768,9962.983342358732
66.2,Super,1,82.55903652071581,9964.299259473564
44.1,Super,0,82.55903652071581,9964.299259473564
22.4,Super,1,76.04431595802878,9970.489228748165
225.1,Male,0,76.04431595802878,9970.489228748165
256.4,Super,1,74.14848284523038,9970.322473236705
218.5,Male,1,95.95061202998133,9965.06831612275
18.4,Super,1,95.35804769618571,9970.063126807623
87.3,Female,1,97.19869326639746,9967.117667607663
11.3,Super,1,97.19869326639746,9967.117667607663
87.3,Female,1,101.13459493035346,9966.720258251516
47.5,Super,1,91.35530348839762,9969.519203779608
89.1,Female,0,95.72925200226518,9960.66023470383
11.3,Super,1,100.87815767451842,9966.731248845306
87.3,Female,1,100.87815767451842,9966.731248845306
218.5,Male,1,100.59872437492118,9968.93505219577
260.3,Male,1,91.05488461554208,9967.503296186384
123.1,Male,0,89.07003082258679,9967.690936393285
165.1,Super,0,89.07003082258679,9967.690936393285
239.1,Super,0,89.07003082258679,9967.690936393285
36.3,Super,1,92.80272545237548,9977.449857479569
66.2,Super,1,81.63346666021965,9964.309994918609
44.1,Super,0,81.63346666021965,9964.309994918609
47.5,Super,1,91.16629437743215,9967.791306053898
260.3,Male,1,91.04373785271653,9967.49221661435
51.3,Super,1,95.34678563089936,9970.439687984248
161.1,Male,0,95.11320811500214,9968.56786712696
181.2,Female,1,85.82187393741613,9979.862934289147
18.4,Super,1,95.3357014670663,9970.218176121063
18.4,Super,1,93.26047698055226,9974.98008947368
260.3,Male,1,95.3357014670663,9970.218176121063
15.1,Super,0,95.3357014670663,9970.218176121063
161.1,Male,0,95.3357014670663,9970.218176121063
151.2,Female,1,98.36744913229923,9973.785256746496
36.3,Super,1,89.5256998557779,9972.664244934153
259.4,Female,1,89.5256998557779,9972.664244934153
75.1,Super,0,85.46729025699304,9970.935173396323
13.3,Super,1,85.46729025699304,9970.935173396323
256.4,Super,1,75.1854768769525,9970.87668288926
141,Super,0,81.40808803944674,9971.365960855012
41.1,Super,0,82.25511768023955,9973.049900852653
230.1,Male,0,79.5896998826125,9973.713788808232
63.1,Female,0,79.85726364014548,9974.001868522226
42.1,Female,0,81.11719586862263,9974.7776006407
187.2,Female,1,87.42912695458001,9973.516537753783
244.3,Super,1,87.42912695458001,9973.516537753783
47.5,Super,1,89.13385962140852,9979.055057954365
188.3,Super,1,82.61073776394431,9977.890588140524
195,Female,0,80.8154076287665,9977.591096706134
44.1,Super,0,81.08674052622996,9965.14057072531
66.2,Super,1,81.08674052622996,9965.14057072531
237.4,Female,1,77.91932673542574,9966.058846846074
145,Female,0,87.04916231189459,9976.806112860611
51.3,Super,1,93.24027461513435,9967.703374520213
198.3,Super,1,90.22734873703803,9975.876479010582
138.3,Super,1,100.92271856263059,9966.842011628614
87.3,Female,1,97.49966277922283,9967.339269983808
179.1,Male,0,87.44417983289046,9961.709191994723
89.1,Female,0,94.06578178390028,9966.4964052571
218.5,Male,1,81.83252342139545,9969.161773334621
242.2,Female,1,77.21324702349747,9978.066587979694
34.3,Super,1,77.21324702349747,9978.066587979694
227.1,Male,0,78.53922218787024,9983.63878767046
252.3,Female,1,78.53922218787024,9983.63878767046
8.2,Female,1,78.53922218787024,9983.63878767046
233.2,Female,1,81.79596965785656,9981.246718989818
218.5,Male,1,87.96587075117866,9968.432682346456
165.1,Super,0,87.96587075117866,9968.432682346456
239.1,Super,0,87.96587075117866,9968.432682346456
244.3,Super,1,87.54064151091642,9973.494415283385
11.3,Super,1,81.01652343827463,9975.984972103248
32.1,Super,0,85.19868924213947,9974.413135241846
8.2,Female,1,78.12662973338784,9983.46147926486
188.3,Super,1,82.07553321467812,9977.602465937924
47.5,Super,1,89.36802181206026,9979.066183874327
15.1,Super,0,96.68485567093082,9970.152125939861
18.4,Super,1,96.68485567093082,9970.152125939861
51.3,Super,1,96.68485567093082,9970.152125939861
260.3,Male,1,96.68485567093082,9970.152125939861
151.2,Female,1,96.5390769825555,9973.08703589558
36.3,Super,1,89.58144986191107,9972.675336476274
259.4,Female,1,89.58144986191107,9972.675336476274
13.3,Super,1,87.68595189359685,9972.231758104626
75.1,Super,0,87.68595189359685,9972.231758104626
198.3,Super,1,91.9227164089575,9973.916474589663
231.3,Male,1,100.53515999737074,9959.510328664768
237.4,Female,1,79.31345707643858,9965.627327552313
66.2,Super,1,79.31345707643858,9965.627327552313
41.1,Super,0,82.2662568051893,9973.094211557951
42.1,Female,0,81.12835035889654,9974.76652652428
63.1,Female,0,79.83495717315137,9974.01293967594
230.1,Male,0,79.6008455948098,9973.735946268089
141,Super,0,81.68684004238655,9971.48789010376
138.3,Super,1,100.76670469016146,9966.609389083047
87.3,Female,1,97.45504964885966,9967.383556258364
123.1,Male,0,87.70953929357394,9968.011701104577
218.5,Male,1,87.70953929357394,9968.011701104577
256.4,Super,1,74.79516066923237,9970.83225235219
223.4,Male,1,76.37754913288612,9975.164070432242
31.4,Super,1,78.08328779587725,9977.280293235748
235.1,Female,0,78.08328779587725,9977.280293235748
179.1,Male,0,87.70001635229693,9963.359658446274
89.1,Female,0,93.84301010182261,9965.820718951363
208.1,Female,0,81.97745365053503,9969.283665832063
181.2,Female,1,85.81068418754079,9980.051232412035
96.3,Super,1,77.70609259799181,9970.102032006285
256.4,Super,1,74.18171765145037,9971.042542935766
23.5,Super,1,74.18171765145037,9971.042542935766
22.4,Super,1,76.3340248808728,9971.29798206888
22.4,Super,1,81.09490716293082,9974.72220964211
223.4,Male,1,76.45560838479886,9975.18624588162
63.1,Female,0,79.84609397117514,9974.068328575993
230.1,Male,0,79.678907911353,9973.735967582803
41.1,Super,0,82.29970807493862,9973.10529775335
141,Super,0,81.8095163332125,9971.454695424887
208.1,Female,0,81.98864034299483,9969.172900049922
218.5,Male,1,87.07339312400948,9969.739404783575
123.1,Male,0,74.6279991939417,9970.43340086289
179.1,Male,0,87.81135923144903,9963.80275094534
231.3,Male,1,100.4905717878344,9959.488161097368
89.1,Female,0,94.0211741000127,9966.518541402498
138.3,Super,1,100.72215134160739,9966.476476349366
51.3,Super,1,95.5023395268221,9972.34470460657
151.2,Female,1,97.60941991536738,9973.220225109944
198.3,Super,1,92.1567494744449,9974.392794823501
259.4,Female,1,89.94934608635388,9972.941263190909
36.3,Super,1,89.94934608635388,9972.941263190909
187.2,Female,1,87.62984228729242,9973.516591982087
244.3,Super,1,87.62984228729242,9973.516591982087
13.3,Super,1,87.74175318201719,9972.06562972626
75.1,Super,0,87.74175318201719,9972.06562972626
32.1,Super,0,85.2767528965919,9974.391002616749
195,Female,0,80.98269510139077,9977.535750325773
15.1,Super,0,95.5023395268221,9972.34470460657
18.4,Super,1,95.5023395268221,9972.34470460657
47.5,Super,1,95.5023395268221,9972.34470460657
11.3,Super,1,80.93846485390823,9975.973875623875
235.1,Female,0,77.49223712763278,9977.257998116806
31.4,Super,1,77.49223712763278,9977.257998116806
242.2,Female,1,76.71193133090203,9975.873119988724
8.2,Female,1,78.22699570526585,9983.472573945377
227.1,Male,0,78.22699570526585,9983.472573945377
252.3,Female,1,78.22699570526585,9983.472573945377
188.3,Super,1,81.95303600605368,9976.882436728494
236.6,Super,1,83.31422216932138,9974.069259235474
181.2,Female,1,85.87759296633124,9980.040169595784
47.5,Super,1,92.95956176331052,9974.426229074155
145,Female,0,88.67752918689744,9975.388747784044
235.1,Female,0,77.45882330869773,9977.080750918676
31.4,Super,1,77.45882330869773,9977.080750918676
75.1,Super,0,87.81978996527312,9972.132109570171
237.4,Female,1,81.01985140836227,9965.085161338191
179.1,Male,0,87.54459293622338,9961.565239281312
138.3,Super,1,100.80008346433128,9966.819821825899
260.3,Male,1,97.24342717755913,9966.70789916261
15.1,Super,0,97.24342717755913,9966.70789916261
18.4,Super,1,97.24342717755913,9966.70789916261
51.3,Super,1,97.24342717755913,9966.70789916261
151.2,Female,1,97.97730116187735,9973.441825854949
218.5,Male,1,85.14460171563289,9968.697609396799
89.1,Female,0,94.04347049709305,9966.529624471954
198.3,Super,1,92.00216109538154,9969.076370886474
259.4,Female,1,89.10162394005468,9973.960033812578
36.3,Super,1,89.10162394005468,9973.960033812578
13.3,Super,1,87.81978996527312,9972.132109570171
187.2,Female,1,87.44025092914707,9973.616227571476
244.3,Super,1,87.44025092914707,9973.616227571476
32.1,Super,0,85.43281334898074,9974.601497856374
96.3,Super,1,77.51648496553419,9970.179514924585
141,Super,0,81.38577183780936,9971.410262247937
41.1,Super,0,82.33317164937704,9973.072076370667
22.4,Super,1,76.51246872223372,9971.26480302872
123.1,Male,0,74.72807186536102,9971.408275905807
223.4,Male,1,76.33296362788114,9975.075438155145
242.2,Female,1,76.91273385009542,9975.618387800781
31.4,Super,1,77.62603517823405,9977.36880424913
236.6,Super,1,83.09126062017063,9973.825509894827
63.1,Female,0,79.76803475956672,9974.057230352673
230.1,Male,0,79.6677652346656,9973.702732943198
11.3,Super,1,81.09457645486557,9976.018222629116
188.3,Super,1,91.9442312906168,9977.095236519535
195,Female,0,80.88230465244193,9977.646497540456
181.2,Female,1,85.78839333974786,9979.9958453643
252.3,Female,1,77.43519986067584,9983.48351476818
227.1,Male,0,77.43519986067584,9983.48351476818
233.2,Female,1,81.57302746820048,9980.792519591343
104,Super,0,84.08443624351395,9971.311368218612
63.1,Female,0,79.76803475956672,9974.057230352673
42.1,Female,0,81.1283416777766,9974.799757615128
236.6,Super,1,83.05779756587988,9973.858731294065
32.1,Super,0,85.09836698733999,9974.269113394008
244.3,Super,1,87.45146769473911,9973.372551746039
187.2,Female,1,87.45146769473911,9973.372551746039
259.4,Female,1,90.69670345754054,9971.966784852499
188.3,Super,1,91.09712672775257,9975.72162883295
47.5,Super,1,95.27987282577902,9970.48396992686
198.3,Super,1,95.27987282577902,9970.48396992686
218.5,Male,1,85.77981133701367,9969.971610899705
96.3,Super,1,75.92309296388675,9966.124603704284
179.1,Male,0,86.77505437199294,9961.908305369441
231.3,Male,1,100.26754624887498,9959.587745781222
138.3,Super,1,100.9115983029643,9966.753409460318
18.4,Super,1,98.3235336066406,9971.282272986056
15.1,Super,0,98.3235336066406,9971.282272986056
260.3,Male,1,98.3235336066406,9971.282272986056
51.3,Super,1,98.3235336066406,9971.282272986056
252.3,Female,1,75.81824504622823,9982.86288712366
227.1,Male,0,75.81824504622823,9982.86288712366
256.4,Super,1,74.79514708846645,9970.876563404108
23.5,Super,1,74.79514708846645,9970.876563404108
123.1,Male,0,74.80630957373388,9970.84333353446
22.4,Super,1,76.40097432940856,9971.176148851651
225.1,Male,0,76.40097432940856,9971.176148851651
41.1,Super,0,82.32201404540724,9973.09422705612
230.1,Male,0,79.62314005186147,9973.769183968707
223.4,Male,1,76.39991423879081,9974.93144714141
181.2,Female,1,85.82181270453951,9980.161999632845
233.2,Female,1,80.5917591947054,9980.415703195451
195,Female,0,80.78195267498685,9977.59108893362
31.4,Super,1,77.7152827917253,9977.235896258562
235.1,Female,0,77.7152827917253,9977.235896258562
208.1,Female,0,81.9885910440716,9969.327977102652
104,Super,0,84.47472845958296,9971.311483343541
13.3,Super,1,87.76402647141717,9972.165322554936
36.3,Super,1,90.00529287260026,9972.243489058566
151.2,Female,1,97.87698039111606,9973.342123027553
89.1,Female,0,92.23718201395695,9966.418258319669
11.3,Super,1,83.54727376960591,9978.699404671144
233.2,Female,1,82.13025336507678,9982.653552029815
181.2,Female,1,85.8441692610028,9979.896168364567
44.4,Super,1,83.41278723660042,9982.011329024437
151.2,Female,1,98.35629949457787,9973.785253842803
51.3,Super,1,95.66883908353438,9975.202201708213
188.3,Super,1,91.58767031985451,9976.031872887535
13.3,Super,1,87.58559442268202,9972.2317296824
187.2,Female,1,87.58559442268202,9972.2317296824
161.1,Male,0,87.58559442268202,9972.2317296824
244.3,Super,1,87.58559442268202,9972.2317296824
47.5,Super,1,95.3803343159801,9970.107435182226
138.3,Super,1,95.3803343159801,9970.107435182226
151.2,Female,1,95.3803343159801,9970.107435182226
44.4,Super,1,82.56535394100035,9981.612404646503
47.5,Super,1,95.69248264384694,9970.273659375403
188.3,Super,1,95.69248264384694,9970.273659375403
51.3,Super,1,98.1786997894685,9970.894602629869
179.1,Male,0,89.1152695984146,9965.808010028251
89.1,Female,0,93.9765440918362,9966.607131043962
36.3,Super,1,90.91941695826175,9973.030136458881
237.4,Female,1,79.12447804412392,9963.98782494609
218.5,Male,1,88.57957442773983,9967.170194545659
198.5,Super,1,88.57957442773983,9967.170194545659
104,Super,0,84.19592562027357,9971.388937882315
75.1,Super,0,86.9277023339867,9972.198314077497
181.2,Female,1,85.84418754887483,9979.807556431038
195,Female,0,81.19403725852113,9979.983821571266
32.1,Super,0,85.16527669688816,9974.258054489359
42.1,Female,0,81.11720166000433,9974.75544657757
195,Female,0,80.75965194041021,9977.580006679274
11.3,Super,1,83.4022940863424,9978.754756708999
236.6,Super,1,82.95743820950715,9973.847627415418
41.1,Super,0,82.28855662681104,9973.105294654992
141,Super,0,81.4080781942269,9971.39919185078
230.1,Male,0,79.62315820019634,9973.702720748111
63.1,Female,0,79.80147805904609,9974.101548104138
223.4,Male,1,76.50025736695628,9975.031171575883
165.3,Super,1,76.50025736695628,9975.031171575883
242.2,Female,1,77.21392223906064,9975.29721762707
31.4,Super,1,77.48107194771437,9977.313382718532
235.1,Female,0,77.48107194771437,9977.313382718532
32.2,Super,1,74.71738454096753,9969.901695547645
96.3,Super,1,74.71738454096753,9969.901695547645
179.2,Male,1,74.71738454096753,9969.901695547645
15.3,Super,1,76.85795979489247,9972.018178605615
22.4,Super,1,76.85795979489247,9972.018178605615
161.2,Male,1,81.66218109656289,9981.091615470941
242.2,Female,1,77.25850474239763,9975.396926435562
22.4,Super,1,75.8201096036029,9974.521421937749
223.4,Male,1,75.8201096036029,9974.521421937749
165.3,Super,1,75.8201096036029,9974.521421937749
225.1,Male,0,75.8201096036029,9974.521421937749
236.6,Super,1,83.08010029481194,9973.858737305996
41.1,Super,0,82.32200481499528,9973.127457737204
230.1,Male,0,79.53393196261669,9973.74700520887
141,Super,0,81.41922317386448,9971.421349147256
208.1,Female,0,82.05554550273641,9969.183998296772
13.4,Super,1,74.7953252488997,9970.300519727945
179.2,Male,1,74.7953252488997,9970.300519727945
96.3,Super,1,74.7953252488997,9970.300519727945
32.2,Super,1,74.7953252488997,9970.300519727945
256.4,Super,1,74.7953252488997,9970.300519727945
179.2,Male,1,77.24883019610303,9970.201586459718
32.2,Super,1,77.24883019610303,9970.201586459718
96.3,Super,1,77.24883019610303,9970.201586459718
179.2,Male,1,76.1780598355172,9970.755132601947
256.4,Super,1,76.1780598355172,9970.755132601947
225.1,Male,0,76.0654519918582,9974.543642725386
15.3,Super,1,76.0654519918582,9974.543642725386
208.1,Female,0,82.07786604577593,9969.128620790181
198.5,Super,1,77.66043426048506,9973.680028015635
165.3,Super,1,76.14314103081618,9975.994829901885
22.4,Super,1,76.14314103081618,9975.994829901885
223.4,Male,1,76.14314103081618,9975.994829901885
36.3,Super,1,89.08970396262465,9977.05026981752
13.4,Super,1,81.3834109745191,9980.991867908522
161.2,Male,1,81.3834109745191,9980.991867908522
161.2,Male,1,87.60587544887595,9980.63864198374
15.3,Super,1,85.71257393267425,9971.068164568911
104,Super,0,84.10674196735269,9971.300298109973
242.2,Female,1,77.2696653435242,9975.363696878958
40.6,Female,1,80.81903979874758,9965.31770710572
237.4,Female,1,80.81903979874758,9965.31770710572
187.3,Female,1,87.55183139988861,9973.350426411447
44.4,Super,1,82.50958607504569,9981.667778418108
123.1,Male,0,75.86487412117235,9973.94539667702
225.1,Male,0,75.86487412117235,9973.94539667702
123.1,Male,0,75.8648589999209,9974.000784867816
179.2,Male,1,75.98852437552908,9970.588910111424
96.3,Super,1,75.98852437552908,9970.588910111424
223.5,Male,1,87.49607413281798,9973.361487558632
161.2,Male,1,82.5541940690772,9981.656709994735
44.4,Super,1,82.5541940690772,9981.656709994735
13.4,Super,1,81.35000222102232,9980.759244234747
191.3,Female,1,72.85219336272468,9980.31441452494
208.1,Female,0,82.1446972299402,9969.372334256606
36.3,Super,1,91.86683176474897,9974.425947351128
235.1,Female,0,77.74873354228073,9977.25805905094
31.4,Super,1,77.74873354228073,9977.25805905094
32.2,Super,1,75.58713510192122,9970.300766788738
179.2,Male,1,75.46444006482169,9970.36719465289
256.5,Super,1,85.89007683925476,9974.335781164724
237.5,Female,1,85.89007683925476,9974.335781164724
165.3,Super,1,76.58985565498617,9973.613267996127
198.5,Super,1,77.6381241911946,9973.702176748964
195,Female,0,80.72622537200834,9977.458151064016
187.3,Female,1,87.49607413281798,9973.361487558632
242.2,Female,1,77.30311862492393,9975.374782966916
42.1,Female,0,81.16179934860358,9974.788689322133
75.1,Super,0,85.55647568478459,9971.012735653587
141,Super,0,81.38575545998849,9971.46564725365
41.1,Super,0,82.42231569108372,9973.315792591657
230.1,Male,0,79.64547384377325,9973.658418042343
63.1,Female,0,79.83494521810213,9974.057248391993
236.6,Super,1,82.89052992315439,9973.847609365674
23.5,Super,1,86.88409549997532,9968.88646530752
141,Super,0,81.40807163709833,9971.421345847953
161.2,Male,1,81.21621611387609,9980.593062276484
44.4,Super,1,81.21621611387609,9980.593062276484
13.4,Super,1,81.21621611387609,9980.593062276484
195,Female,0,80.67043865352147,9977.579985938164
256.5,Super,1,85.87892870626051,9974.324701745274
237.5,Female,1,85.87892870626051,9974.324701745274
223.5,Male,1,87.46264870936092,9973.261791684727
187.3,Female,1,87.46264870936092,9973.261791684727
47.7,Super,1,95.54758328657975,9970.10748520702
23.5,Super,1,88.85834844364895,9967.148135336629
138.5,Super,1,94.1552803024752,9965.621466030685
8.5,Female,1,94.1552803024752,9965.621466030685
227.3,Male,1,92.02245554806275,9976.36425200805
41.2,Super,1,86.503396917529,9974.280560168323
141,Super,0,81.40807163709833,9971.421345847953
179.2,Male,1,77.37115698347817,9971.331525981053
32.2,Super,1,77.37115698347817,9971.331525981053
96.3,Super,1,77.37115698347817,9971.331525981053
15.3,Super,1,75.17311808264448,9975.130523437478
165.3,Super,1,75.17311808264448,9975.130523437478
198.5,Super,1,77.76077779417892,9973.768674951922
138.5,Super,1,94.11066486070736,9965.66575289776
8.5,Female,1,94.11066486070736,9965.66575289776
47.7,Super,1,93.68531851117534,9970.815766227484
36.3,Super,1,89.82661408240826,9973.218130593417
227.3,Male,1,92.25632746909623,9977.593718318649
187.3,Female,1,87.58527190473536,9973.394740686235
233.2,Female,1,87.58527190473536,9973.394740686235
41.2,Super,1,85.44414274062979,9973.925831962633
237.5,Female,1,85.44414274062979,9973.925831962633
256.5,Super,1,85.44414274062979,9973.925831962633
225.3,Male,1,82.57772058075021,9976.051821072006
198.5,Super,1,92.59086734411528,9977.460885084021
227.3,Male,1,92.59086734411528,9977.460885084021
195,Female,0,80.82655670474377,9977.60217636147
13.4,Super,1,80.78139895739162,9980.116660819513
44.4,Super,1,80.78139895739162,9980.116660819513
161.2,Male,1,80.00083895041509,9979.828493600466
165.3,Super,1,74.34851433667949,9972.6931883564
15.3,Super,1,74.34851433667949,9972.6931883564
32.2,Super,1,74.68370923856838,9970.599584845655
32.2,Super,1,74.6725603510423,9970.588503619489
179.2,Male,1,74.69493032314885,9970.378032800329
96.3,Super,1,74.69493032314885,9970.378032800329
32.2,Super,1,77.47205123853404,9969.625628411333
13.4,Super,1,81.3499934041584,9980.803552251864
44.4,Super,1,81.3499934041584,9980.803552251864
161.2,Male,1,81.3499934041584,9980.803552251864
195,Female,0,80.87116585927777,9977.591109658939
225.3,Male,1,85.6225600592129,9973.92587965062
256.5,Super,1,85.6225600592129,9973.92587965062
41.2,Super,1,85.6225600592129,9973.92587965062
237.5,Female,1,85.6225600592129,9973.92587965062
227.3,Male,1,95.6253813722753,9970.960314042111
47.7,Super,1,95.6253813722753,9970.960314042111
8.5,Female,1,88.75800736840547,9967.103797151904
260.8,Male,1,88.75800736840547,9967.103797151904
138.5,Super,1,88.75800736840547,9967.103797151904
194.5,Female,1,102.28229989171948,9968.813746468231
194.5,Female,1,69.16301537254459,9971.041003466113
179.2,Male,1,73.2675458850215,9969.989859338024
32.2,Super,1,73.2675458850215,9969.989859338024
96.3,Super,1,73.2675458850215,9969.989859338024
15.3,Super,1,75.77557518459682,9974.24446880164
237.5,Female,1,86.94931659984402,9974.734808474053
41.2,Super,1,86.94931659984402,9974.734808474053
225.3,Male,1,86.94931659984402,9974.734808474053
256.5,Super,1,86.94931659984402,9974.734808474053
187.3,Female,1,87.4849232777037,9973.36148452802
223.5,Male,1,87.4849232777037,9973.36148452802
40.6,Female,1,81.06456212190405,9964.797174464527
138.5,Super,1,88.7357060464999,9967.103789689669
8.5,Female,1,88.7357060464999,9967.103789689669
260.8,Male,1,88.7357060464999,9967.103789689669
227.3,Male,1,93.74117045574769,9970.472438814171
47.7,Super,1,93.74117045574769,9970.472438814171
47.7,Super,1,93.04996282049984,9970.128887371351
231.3,Male,1,101.0924939680259,9959.831720626775
36.3,Super,1,87.78632181486412,9972.18748142927
4,Female,0,84.41894317990204,9971.411156794902
15.3,Super,1,78.06241795336973,9971.874524798575
165.3,Super,1,78.06241795336973,9971.874524798575
194.5,Female,1,69.12961132331536,9970.86373830467
96.3,Super,1,71.85120272551913,9969.88970704879
179.2,Male,1,71.85120272551913,9969.88970704879
8.5,Female,1,88.46814183336055,9966.948633361315
23.5,Super,1,88.46814183336055,9966.948633361315
260.8,Male,1,88.46814183336055,9966.948633361315
138.5,Super,1,88.46814183336055,9966.948633361315
40.6,Female,1,80.87463926794817,9965.760809576032
40.6,Female,1,80.97508994377242,9965.517150113512
194.5,Female,1,69.28563665031403,9971.240452674081
179.2,Male,1,77.83963338778831,9971.021498785518
96.3,Super,1,77.83963338778831,9971.021498785518
260.8,Male,1,89.22653567714727,9966.50584376877
8.5,Female,1,89.22653567714727,9966.50584376877
15.3,Super,1,76.4895326484149,9973.447076774859
165.3,Super,1,76.4895326484149,9973.447076774859
252.3,Female,1,72.87444591035607,9980.569212846345
161.2,Male,1,80.53611252501683,9979.872914076745
13.4,Super,1,80.53611252501683,9979.872914076745
237.5,Female,1,85.56677809015481,9974.025553464202
225.3,Male,1,85.56677809015481,9974.025553464202
256.5,Super,1,85.56677809015481,9974.025553464202
41.2,Super,1,85.56677809015481,9974.025553464202
225.3,Male,1,85.56677809015481,9974.025553464202
231.3,Male,1,91.59215641705035,9961.755107896568
161.2,Male,1,86.20214179767878,9974.967220945968
13.4,Super,1,86.20214179767878,9974.967220945968
36.3,Super,1,85.48974890155904,9970.414582994887
104,Super,0,84.41898887133604,9971.256083630895
223.5,Male,1,87.5853110871864,9973.250748848239
260.8,Male,1,87.54238999774324,9967.668281209473
8.5,Female,1,87.54238999774324,9967.668281209473
179.2,Male,1,74.97375147816976,9970.333808670792
96.3,Super,1,74.97375147816976,9970.333808670792
165.3,Super,1,71.99491481602675,9974.188052197644
15.3,Super,1,71.99491481602675,9974.188052197644
194.5,Female,1,72.86332527660049,9980.414118731902
256.5,Super,1,85.53333369991603,9973.99231497458
41.2,Super,1,85.53333369991603,9973.99231497458
225.3,Male,1,85.53333369991603,9973.99231497458
237.5,Female,1,85.53333369991603,9973.99231497458
104,Super,0,82.50110450000211,9970.790286972338
36.3,Super,1,85.32247949168737,9970.425608803207
223.5,Male,1,87.46260652654146,9973.416860011974
194.5,Female,1,70.70181448952022,9972.02744103747
40.6,Female,1,79.28093410882686,9963.11278116245
223.5,Male,1,95.3133161432636,9970.50613067123
194.5,Female,1,86.70427630551183,9973.671411236164
40.6,Female,1,82.28035099948971,9964.03331109123
165.3,Super,1,80.01694829716534,9963.1019862487
36.3,Super,1,85.02143356165162,9970.314751585465
179.2,Male,1,75.19661220227083,9970.932074882647
198.5,Super,1,82.7241624735241,9970.69066259001
260.8,Male,1,87.30687352222694,9972.054429465843
141,Super,0,80.82893562201417,9969.00637394003
